User_ID,Password,FirstName,LastName,EmailID,Gender,DateOfBirth,PhoneNumber,State,City,Country
1,1,X,Beach,eget.nisi@nonfeugiatnec.co.uk,F,1981-12-28,1-718-180-3062,Banffshire,Portsoy,Somalia
2,2,M,George,Phasellus.ornare.Fusce@fringilla.com,M,2000-04-01,1-698-334-0061,North Island,Kerikeri,Ireland
3,3,P,Mack,Phasellus@anteMaecenasmi.ca,M,1982-10-14,1-642-173-8547,West-Vlaanderen,Bossuit,"Palestine, State of"
4,4,O,Shaw,pharetra.Quisque.ac@NullafacilisiSed.co.uk,M,1970-02-25,1-158-671-3612,UP,Hathras,Romania
5,5,I,Alston,mollis@gravidaAliquamtincidunt.org,F,1963-05-28,1-927-573-0319,Idaho,Boise,Brazil
6,6,O,Stone,consequat.auctor.nunc@etpedeNunc.net,F,1959-10-14,1-948-421-0499,Hamburg,Hamburg,Côte D'Ivoire (Ivory Coast)
7,7,V,Rhodes,mus.Aenean.eget@In.co.uk,M,2011-07-23,1-503-960-5352,WI,Milwaukee,Eritrea
8,8,V,Dodson,ipsum.primis.in@luctus.net,F,1955-10-21,1-778-488-4489,LA,Lafayette,"Virgin Islands, United States"
9,9,M,Simpson,in@Aliquameratvolutpat.ca,F,1994-08-01,1-293-366-7832,Oklahoma,Lawton,Moldova
10,10,L,Zimmerman,mauris@enimcondimentum.co.uk,M,1998-11-26,1-859-611-3692,Basse-Normandie,Saint-Lô,Andorra
11,11,Y,Pacheco,sapien@purusNullamscelerisque.co.uk,M,1961-02-09,1-505-850-3273,Minas Gerais,Sete Lagoas,Bahrain
12,12,G,Peterson,Nullam@elitdictum.ca,M,1954-02-03,1-267-419-0479,H,Ulloa (Barrial),Benin
13,13,Z,Glass,penatibus.et.magnis@arcu.ca,F,1996-10-17,1-327-907-1227,KN,Kano,Burkina Faso
14,14,L,Schultz,Suspendisse.ac.metus@ornarelectus.co.uk,M,1951-01-14,1-846-597-5283,Wi,Vienna,Bosnia and Herzegovina
15,15,B,Slater,amet.luctus@lacusvariuset.net,F,2013-09-23,1-242-738-9365,AB,Lacombe,Uganda
16,16,M,Payne,auctor@natoque.com,M,2014-05-18,1-477-768-5477,TX,San Antonio,Tonga
17,17,B,Knapp,Sed@Suspendissecommodo.co.uk,M,2005-02-01,1-301-886-8052,Zl,Middelburg,Anguilla
18,18,T,Rowe,nibh.Phasellus.nulla@Maecenasornareegestas.co.uk,F,1983-12-02,1-744-806-7145,KL,Allappuzha,Croatia
19,19,U,Bird,sit.amet@posuereat.co.uk,M,2002-09-22,1-819-473-0811,WV,Ingooigem,Sint Maarten
20,20,I,Copeland,orci@Craseutellus.co.uk,F,1950-12-23,1-565-216-4399,Pernambuco,Camaragibe,Ukraine
21,21,L,Dunn,pede.Cras.vulputate@veliteget.edu,M,2012-11-01,1-434-187-5604,QC,Montreal,Slovenia
22,22,Y,Hansen,penatibus.et@augueeu.com,M,1963-04-11,1-346-410-7505,IL,Boulogne-Billancourt,Liechtenstein
23,23,W,Chen,arcu.vel.quam@metuseu.net,F,1999-11-11,1-988-141-4255,LU,Biała Podlaska,Cambodia
24,24,K,Hawkins,lorem.eu@adipiscingnon.ca,F,1959-12-17,1-523-365-3206,GA,Georgia,United States
25,25,T,Richards,leo.elementum.sem@facilisisSuspendisse.org,F,2011-02-14,1-828-716-8941,LI,Brive-la-Gaillarde,Mauritius
26,26,P,Rodgers,Nunc.ac@Quisque.net,M,1986-08-18,1-363-424-4934,CA,Fresno,Singapore
27,27,R,Munoz,sed@sedfacilisisvitae.co.uk,M,1989-10-08,1-261-907-0015,Ontario,East Gwillimbury,"Saint Helena, Ascension and Tristan da Cunha"
28,28,B,Buck,arcu.vel.quam@duiquis.edu,F,2001-10-17,1-117-520-4491,NT,Nottingham,Netherlands
29,29,Z,Rivera,eu.neque@feugiat.net,M,1996-04-27,1-225-774-8178,CA,Frigento,Norfolk Island
30,30,F,Morris,lectus.justo.eu@augueidante.edu,F,1995-01-02,1-190-988-6770,C,Carmen,Trinidad and Tobago
31,31,J,Vance,aliquet.vel.vulputate@vestibulumneque.ca,F,1990-04-13,1-209-536-5577,Małopolskie,Kraków,Jamaica
32,32,Z,Blevins,in.consectetuer@a.com,M,1990-03-18,1-749-431-4686,RF,Johnstone,Andorra
33,33,V,Beard,nisi.Cum.sociis@tempusnon.org,F,1967-11-18,1-660-312-7322,Bihar,Patna,Iceland
34,34,J,Valentine,ac@nonummy.ca,M,2009-04-10,1-508-540-9584,WB,Berhampore,Czech Republic
35,35,L,Mccullough,dui.Cum.sociis@lobortis.com,M,2003-07-17,1-327-552-4335,HB,Bremerhaven,Montserrat
36,36,U,Coffey,id@lorem.ca,F,1962-02-03,1-551-622-9329,LA,Sète,"Korea, South"
37,37,T,Cochran,tellus.Aenean@tristiqueaceleifend.ca,M,1994-07-01,1-158-732-9389,North Island,Lower Hutt,Libya
38,38,Y,Townsend,a.sollicitudin@vitaealiquam.com,F,1981-10-03,1-974-221-9192,C,Carmen,Taiwan
39,39,F,Richards,congue@luctus.co.uk,F,1980-08-17,1-705-598-6624,Maharastra,Malegaon,Saint Vincent and The Grenadines
40,40,T,Hunt,a@mollis.net,M,1967-05-08,1-848-471-3805,SP,Carapicuíba,Guatemala
41,41,H,Johnson,a.mi@interdumSed.org,F,2004-01-14,1-991-750-7626,Henegouwen,Froidchapelle,Azerbaijan
42,42,A,Warner,mollis.lectus@enimcondimentum.co.uk,F,1957-08-25,1-670-835-1674,IL,Aubervilliers,French Guiana
43,43,Q,Rhodes,semper.cursus.Integer@auctornon.ca,F,1978-04-15,1-180-683-3060,MH,Malegaon,Aruba
44,44,O,Fuentes,lacinia.Sed@consequatauctornunc.net,F,1961-10-11,1-304-834-5855,NI,Hamilton,San Marino
45,45,W,Maxwell,semper.auctor@bibendum.ca,F,1989-01-17,1-580-902-3537,CO,Denver,Liberia
46,46,B,Buck,bibendum.Donec.felis@lacusQuisquepurus.co.uk,M,1999-01-19,1-876-767-9287,SI,Dunedin,Anguilla
47,47,M,Bowman,eros.turpis@tristiqueneque.com,M,1988-06-13,1-184-821-0553,AN,Cádiz,Chile
48,48,Z,Vaughn,placerat.augue.Sed@pedenonummy.com,F,1963-06-26,1-425-196-2646,VI,Horsham,Guernsey
49,49,G,Dale,Donec@urna.com,M,1972-07-09,1-861-860-9619,Alajuela,San José de Alajuela,Bolivia
50,50,Z,Strong,sem.ut@nonlobortis.net,F,2000-07-27,1-932-525-4115,WA,Stratford-upon-Avon,South Georgia and The South Sandwich Islands
51,51,W,Schultz,odio.Phasellus.at@nonummyipsum.ca,M,1976-03-24,1-157-783-1773,Perthshire,Coupar Angus,Cocos (Keeling) Islands
52,52,K,Wiley,ut@metus.co.uk,M,1992-05-07,1-452-630-3442,ON,LaSalle,Russian Federation
53,53,M,Mays,et.pede@molestie.org,M,1983-09-19,1-695-513-0420,SJ,San Isidro de El General,United Kingdom (Great Britain)
54,54,W,House,Duis.elementum@volutpatornare.co.uk,F,1978-01-10,1-641-177-6331,Ontario,Windsor,Croatia
55,55,R,Sandoval,Nunc@diam.com,F,1994-12-12,1-596-248-3559,MS,Hattiesburg,Guinea
56,56,P,Snow,Maecenas@euodiotristique.org,M,1970-06-11,1-347-764-0783,MN,Duluth,Trinidad and Tobago
57,57,K,Wynn,Nunc@libero.org,M,1979-04-29,1-670-126-6626,OY,Iseyin,Saudi Arabia
58,58,B,Blake,Aliquam.vulputate.ullamcorper@aodio.com,F,1971-04-26,1-831-111-7413,Gl,Hattem,Kenya
59,59,L,Rivas,rutrum.urna@sed.com,F,1967-01-20,1-908-693-1579,Saxony,Mei�en,Bouvet Island
60,60,B,Osborne,orci.quis@pellentesque.edu,F,1975-12-30,1-326-758-6236,SJ,Mata de Plátano,Bosnia and Herzegovina
61,61,E,Aguirre,sem@Integer.com,M,2012-05-10,1-483-751-4327,VB,Hoeilaart,Bolivia
62,62,U,Gordon,ligula.Aenean.gravida@enimmitempor.com,F,1981-01-11,1-249-522-8491,NS,Penrith,Niger
63,63,D,Bell,libero.est@interdumfeugiat.com,M,1968-02-22,1-848-728-3799,HH,Hamburg,Papua New Guinea
64,64,Z,Moore,Aliquam@CuraePhasellusornare.edu,M,1956-07-03,1-131-832-7684,Wi,Vienna,Trinidad and Tobago
65,65,N,Ray,diam@DonecestNunc.edu,F,1984-05-17,1-393-948-5457,OR,Portland,Guinea
66,66,X,Weber,Suspendisse.tristique.neque@lectusquismassa.net,F,2001-08-12,1-340-977-3874,Pernambuco,Camaragibe,French Guiana
67,67,Q,Garner,sed@Donec.com,F,1997-10-20,1-790-274-3992,Radnorshire,Presteigne,El Salvador
68,68,J,Johns,ac@neceleifendnon.net,M,1990-12-15,1-217-771-4881,Comunitat Valenciana,Elx,Brunei
69,69,U,Moses,Cum.sociis.natoque@egestas.net,M,1974-06-25,1-598-401-1098,QC,Rimouski,Hungary
70,70,Y,Walter,nascetur.ridiculus.mus@lobortisquama.ca,F,2005-03-25,1-737-311-0143,San José,Tirrases,Tokelau
71,71,J,Marsh,arcu.Nunc.mauris@blanditmattis.com,M,2008-02-10,1-645-914-4502,CA,Tarrasa,Saudi Arabia
72,72,U,Weber,lorem@eteuismod.edu,F,1959-10-28,1-201-719-4520,WA,Solihull,Lithuania
73,73,N,Armstrong,lorem@arcu.com,M,1950-12-04,1-884-466-7727,RJ,Belford Roxo,Colombia
74,74,D,Witt,malesuada.augue@sollicitudina.org,F,1977-05-02,1-763-793-7732,Berlin,Berlin,Canada
75,75,L,Branch,interdum.Curabitur.dictum@pedenec.org,F,2004-07-10,1-292-977-3437,LO,Corvino San Quirico,Namibia
76,76,H,Fuentes,sit@acipsumPhasellus.net,F,1957-04-30,1-537-363-6023,VI,Frankston,Tokelau
77,77,G,Cohen,Lorem.ipsum@Donecporttitor.ca,F,1961-12-19,1-330-195-4850,NI,Huntly,Haiti
78,78,Q,Horton,fringilla@arcuVestibulum.net,M,2012-05-09,1-594-708-8226,LX,Nives,Thailand
79,79,Q,Swanson,Morbi@Sedmalesuada.edu,F,1981-12-18,1-440-676-3590,Ontario,Pickering,Gabon
80,80,N,Velez,Suspendisse.sagittis@Fuscemi.ca,F,1994-10-14,1-499-163-9023,Rajasthan,Pali,Christmas Island
81,81,D,Cooley,luctus.lobortis@Vivamus.net,F,1951-07-27,1-499-962-1978,HH,Hamburg,Yemen
82,82,F,Gates,erat@auctorvelit.ca,F,2000-11-23,1-972-187-6205,Vienna,Vienna,Slovenia
83,83,C,Knox,ultrices@Maurisvestibulum.edu,F,1953-02-24,1-848-584-6371,KN,Kano,Serbia
84,84,C,Love,mollis.vitae@necligulaconsectetuer.co.uk,F,1992-04-05,1-553-443-4038,SP,Guarulhos,Timor-Leste
85,85,N,Ford,dis.parturient@inmagna.co.uk,M,1957-04-02,1-887-221-7897,SK,Weyburn,Greece
86,86,W,Wolfe,convallis.in@nulla.net,F,2004-06-19,1-653-117-7880,West-Vlaanderen,Sint-Kruis,Sweden
87,87,I,Head,nec.ante@DonecestNunc.edu,F,1999-08-21,1-692-737-5379,BO,Bama,Malta
88,88,J,Reese,sit.amet@Mauris.org,M,1951-08-24,1-856-953-6272,Zeeland,Sluis,United States
89,89,Q,Hall,dolor@luctussit.net,M,1982-04-14,1-531-544-2028,KO,Okene,Paraguay
90,90,A,Miranda,facilisis@Sed.org,M,1998-03-06,1-876-271-6746,Bahia,Feira de Santana,Comoros
91,91,Z,Lynn,pretium.aliquet.metus@Aeneaneget.ca,M,1991-10-29,1-509-509-6467,SJ,Mata de Plátano,Uruguay
92,92,D,Dillon,Integer.eu@etipsumcursus.com,M,1958-04-23,1-880-198-5066,Noord Holland,Edam,Finland
93,93,G,Hooper,dui@velconvallis.ca,F,1997-02-14,1-668-527-4890,WL,Livingston,Australia
94,94,L,Ochoa,quis@vitaevelitegestas.edu,F,2004-11-16,1-705-671-0854,Andhra Pradesh,Anantapur,Sri Lanka
95,95,F,Haynes,Nullam.scelerisque@fringilla.co.uk,F,1984-06-29,1-118-591-7304,Vermont,South Burlington,Antarctica
96,96,T,Robles,et@sit.co.uk,F,1968-12-30,1-188-965-6382,BC,Nakusp,Micronesia
97,97,T,Hardin,lorem.eget.mollis@ettristique.com,F,1986-09-25,1-928-543-0957,Jigawa,Dutse,Panama
98,98,Y,Miller,sem.eget@convallisconvallis.ca,F,1961-10-31,1-264-997-2794,Oklahoma,Broken Arrow,Venezuela
99,99,H,Stanley,faucibus@auctor.co.uk,F,1960-11-17,1-466-528-0029,Sb,Sankt Johann im Pongau,Zambia
100,100,N,Gray,lorem.eu@lobortisquam.com,M,1984-10-28,1-840-662-4791,SO,Glastonbury,Netherlands
